date,project_id,num_transactions,total_vol_in_usd
2024-04-15,4974,0.61,0.61
2024-04-15,4974,2.36,2.36
2024-04-15,4974,0.36,0.36
2024-04-15,4974,3.28,3.28
2024-04-15,4974,0.31,0.31
2024-04-15,4974,0.76,0.76
2024-04-15,0,5.60,5.60
2024-04-15,0,1.05,1.05
2024-04-15,0,0.34,0.34
2024-04-15,0,4.88,4.88
2024-04-15,0,148.45,148.45
2024-04-15,4974,3.07,3.07
2024-04-15,4974,1.05,1.05
2024-04-15,4974,3.57,3.57
2024-04-15,4974,5.33,5.33
2024-04-15,4974,2.91,2.91
2024-04-15,4974,11.75,11.75
2024-04-15,0,0.61,0.61
2024-04-15,0,0.26,0.26
2024-04-15,0,0.85,0.85
2024-04-15,0,1.05,1.05
2024-04-15,0,1.32,1.32
2024-04-15,4974,0.70,0.70
2024-04-15,4974,0.21,0.21
2024-04-15,4974,0.41,0.41
2024-04-15,4974,0.26,0.26
2024-04-15,4974,2.62,2.62
2024-04-15,4974,4.21,4.21
2024-04-15,4974,1.63,1.63
2024-04-15,0,2.60,2.60
2024-04-15,0,7.08,7.08
2024-04-15,0,4.66,4.66
2024-04-15,0,4.86,4.86
2024-04-15,0,2.08,2.08
2024-04-15,0,1.68,1.68
2024-04-15,0,1.39,1.39
2024-04-15,0,1.64,1.64
2024-04-15,0,34.03,34.03
2024-04-15,0,2.26,2.26
2024-04-15,4974,0.36,0.36
2024-04-15,4974,0.41,0.41
2024-04-15,4974,0.47,0.47
2024-04-15,0,1.71,1.71
2024-04-15,0,0.06,0.06
2024-04-15,0,0.95,0.95
2024-04-15,0,0.13,0.13
2024-04-15,0,1.09,1.09
2024-04-15,0,1.05,1.05
2024-04-15,0,2.31,2.31
2024-04-15,0,1.89,1.89
2024-04-15,0,3.22,3.22
2024-04-15,0,2.83,2.83
2024-04-15,0,1.61,1.61
2024-04-15,4974,1.37,1.37
2024-04-15,4974,5.21,5.21
2024-04-15,4974,5.14,5.14
2024-04-15,4974,13.44,13.44
2024-04-15,4974,1.05,1.05
2024-04-15,1609,700000000000000000.00,700000000000000000.00
2024-04-15,1609,655500000000000000.00,655500000000000000.00
2024-04-15,1609,674500000000000000.00,674500000000000000.00
2024-04-15,1609,703000000000000000.00,703000000000000000.00
2024-04-15,1609,750500000000000000.00,750500000000000000.00
2024-04-15,1609,550000000000000000.00,550000000000000000.00
2024-04-15,1609,550000000000000000.00,550000000000000000.00
2024-04-15,1609,760000000000000000.00,760000000000000000.00
2024-04-15,1609,700000000000000000.00,700000000000000000.00
2024-04-15,1609,900000000000000000.00,900000000000000000.00
2024-04-15,1609,550000000000000000.00,550000000000000000.00
2024-04-15,1609,332500000000000000.00,332500000000000000.00
2024-04-15,1609,665000000000000000.00,665000000000000000.00
2024-04-15,1609,665000000000000000.00,665000000000000000.00
2024-04-15,0,33.00,33.00
2024-04-15,4974,10.99,10.99
2024-04-15,0,7.16,7.16
2024-04-15,0,6.40,6.40
2024-04-15,0,0.87,0.87
2024-04-15,0,8.61,8.61
2024-04-15,0,0.52,0.52
2024-04-15,0,2.11,2.11
2024-04-15,0,0.03,0.03
2024-04-15,0,0.34,0.34
2024-04-15,0,0.56,0.56
2024-04-15,0,0.10,0.10
2024-04-15,0,0.11,0.11
2024-04-15,0,0.10,0.10
2024-04-15,0,0.13,0.13
2024-04-15,0,0.11,0.11
2024-04-15,0,0.11,0.11
2024-04-15,0,0.27,0.27
2024-04-15,0,0.13,0.13
2024-04-15,0,0.13,0.13
2024-04-15,0,0.13,0.13
2024-04-15,0,0.02,0.02
2024-04-15,0,3.35,3.35
2024-04-15,0,0.23,0.23
2024-04-15,0,0.15,0.15
2024-04-15,0,0.14,0.14
2024-04-15,0,0.14,0.14
2024-04-15,0,0.18,0.18
2024-04-15,0,0.18,0.18
2024-04-15,0,0.36,0.36
2024-04-15,0,0.18,0.18
2024-04-15,0,0.13,0.13
2024-04-15,0,0.15,0.15
2024-04-15,0,0.27,0.27
2024-04-15,0,0.17,0.17
2024-04-15,0,0.14,0.14
2024-04-15,0,0.32,0.32
2024-04-15,0,0.31,0.31
2024-04-15,0,0.26,0.26
2024-04-15,0,0.14,0.14
2024-04-15,0,0.27,0.27
2024-04-15,0,0.26,0.26
2024-04-15,0,0.07,0.07
2024-04-15,0,0.04,0.04
2024-04-15,0,0.06,0.06
2024-04-15,0,0.06,0.06
2024-04-15,0,0.30,0.30
2024-04-15,0,0.13,0.13
2024-04-15,0,0.42,0.42
2024-04-15,0,0.25,0.25
2024-04-15,0,0.21,0.21
2024-04-15,0,0.20,0.20
2024-04-15,0,0.06,0.06
2024-04-15,0,0.13,0.13
2024-04-15,0,0.13,0.13
2024-04-15,0,0.25,0.25
2024-04-15,0,0.14,0.14
2024-04-15,0,0.16,0.16
2024-04-15,0,0.21,0.21
2024-04-15,0,0.11,0.11
2024-04-15,0,0.22,0.22
2024-04-15,0,0.18,0.18
2024-04-15,0,0.21,0.21
2024-04-15,0,0.21,0.21
2024-04-15,0,0.12,0.12
2024-04-15,0,0.16,0.16
2024-04-15,0,0.12,0.12
2024-04-15,0,0.06,0.06
2024-04-15,0,0.24,0.24
2024-04-15,0,0.19,0.19
2024-04-15,0,0.04,0.04
2024-04-15,0,3.49,3.49
2024-04-15,0,4.06,4.06
2024-04-15,0,0.97,0.97
2024-04-15,0,1.89,1.89
2024-04-15,0,1.83,1.83
2024-04-15,0,0.98,0.98
2024-04-15,0,1.65,1.65
2024-04-15,0,0.13,0.13
2024-04-15,0,0.20,0.20
2024-04-15,0,0.04,0.04
2024-04-15,0,0.13,0.13
2024-04-15,1609,7600000000000000000.00,7600000000000000000.00
2024-04-15,1609,1710000000000000000.00,1710000000000000000.00
2024-04-15,1609,41790000000000000000.00,41790000000000000000.00
2024-04-15,4974,0.64,0.64
2024-04-15,4974,4.72,4.72
2024-04-15,4974,3.21,3.21
2024-04-15,4974,2.68,2.68
2024-04-15,4974,2.21,2.21
2024-04-15,0,1.03,1.03
2024-04-15,0,1.66,1.66
2024-04-15,0,0.52,0.52
2024-04-15,0,1.33,1.33
2024-04-15,0,1.96,1.96
2024-04-15,0,0.89,0.89
2024-04-15,0,1.69,1.69
2024-04-15,4974,0.21,0.21
2024-04-15,4974,1.71,1.71
2024-04-15,4974,3.23,3.23
2024-04-15,4974,0.77,0.77
2024-04-15,0,4.07,4.07
2024-04-15,0,0.84,0.84
2024-04-15,4974,0.49,0.49
2024-04-15,4974,0.89,0.89
2024-04-15,4974,1.80,1.80
2024-04-15,4974,0.03,0.03
2024-04-15,4974,0.14,0.14
2024-04-15,0,2.11,2.11
2024-04-15,0,4.71,4.71
2024-04-15,4974,32.47,32.47
2024-04-15,0,11.96,11.96
2024-04-15,0,40.42,40.42
2024-04-15,0,8.73,8.73
2024-04-15,0,48.48,48.48
2024-04-15,0,1.62,1.62
2024-04-15,4974,6.00,6.00
2024-04-15,0,18.67,18.67
2024-04-15,0,1.12,1.12
2024-04-15,0,1.23,1.23
2024-04-15,0,0.51,0.51
2024-04-15,0,0.76,0.76
2024-04-15,0,5.02,5.02
2024-04-15,0,0.98,0.98
2024-04-15,0,2.36,2.36
2024-04-15,0,0.24,0.24
2024-04-15,0,1.80,1.80
2024-04-15,0,0.72,0.72
2024-04-15,0,0.05,0.05
2024-04-15,4974,8.16,8.16
2024-04-15,4974,1.04,1.04
2024-04-15,4974,15.04,15.04
2024-04-15,4974,3.35,3.35
2024-04-15,1609,2375000000000000000.00,2375000000000000000.00
2024-04-15,1609,2500000000000000000.00,2500000000000000000.00
2024-04-15,4974,16.68,16.68
2024-04-15,4974,2.69,2.69
2024-04-15,4974,12.19,12.19
2024-04-15,4974,9.23,9.23
2024-04-15,0,1.62,1.62
2024-04-15,0,0.39,0.39
2024-04-15,4974,0.69,0.69
2024-04-15,4974,0.47,0.47
2024-04-15,4974,0.28,0.28
2024-04-15,4974,0.81,0.81
2024-04-15,4974,1.04,1.04
2024-04-15,4974,1.29,1.29
2024-04-15,4974,0.56,0.56
2024-04-15,4974,0.83,0.83
2024-04-15,4974,1.62,1.62
2024-04-15,0,3.06,3.06
2024-04-15,4974,0.20,0.20
2024-04-15,4974,0.79,0.79
2024-04-15,4974,5.29,5.29
2024-04-15,4974,3.01,3.01
2024-04-15,4974,4.67,4.67
2024-04-15,4974,0.56,0.56
2024-04-15,1660,5.17,5.17
2024-04-15,4974,0.06,0.06
2024-04-15,0,5.80,5.80
2024-04-15,4974,16.25,16.25
2024-04-15,4974,0.05,0.05
2024-04-15,4974,8.42,8.42
2024-04-15,4974,9.05,9.05
2024-04-15,4974,4.51,4.51
2024-04-15,4974,10.43,10.43
2024-04-15,4974,4.67,4.67
2024-04-15,4974,3.87,3.87
2024-04-15,43,10000000000000000000.00,10000000000000000000.00
2024-04-15,43,4400000000000000000.00,4400000000000000000.00
2024-04-15,43,4500000000000000000.00,4500000000000000000.00
2024-04-15,43,4500000000000000000.00,4500000000000000000.00
2024-04-15,4974,1.61,1.61
2024-04-15,4974,0.26,0.26
2024-04-15,4974,0.35,0.35
2024-04-15,4974,0.06,0.06
2024-04-15,4974,0.14,0.14
2024-04-15,4974,0.16,0.16
2024-04-15,4974,0.63,0.63
2024-04-15,0,0.77,0.77
2024-04-15,0,0.81,0.81
2024-04-15,4974,4.87,4.87
2024-04-15,1609,57000000000000000000.00,57000000000000000000.00
2024-04-15,0,1.01,1.01
2024-04-15,0,0.33,0.33
2024-04-15,0,3.13,3.13
2024-04-15,0,1.02,1.02
2024-04-15,0,3.13,3.13
2024-04-15,0,0.87,0.87
2024-04-15,0,8.69,8.69
2024-04-15,0,3.52,3.52
2024-04-15,0,2.89,2.89
2024-04-15,0,3.75,3.75
2024-04-15,0,1.07,1.07
2024-04-15,0,10.76,10.76
2024-04-15,0,24.32,24.32
2024-04-15,0,24.95,24.95
2024-04-15,4974,0.50,0.50
2024-04-15,4974,0.17,0.17
2024-04-15,4974,0.32,0.32
2024-04-15,4974,1.69,1.69
2024-04-15,4974,1.90,1.90
2024-04-15,4974,1.72,1.72
2024-04-15,4974,0.78,0.78
2024-04-15,4974,0.65,0.65
2024-04-15,4974,38.51,38.51
2024-04-15,4974,0.28,0.28
2024-04-15,4974,0.20,0.20
2024-04-15,4974,0.49,0.49
2024-04-15,4974,0.36,0.36
2024-04-15,4974,0.28,0.28
2024-04-15,0,0.37,0.37
2024-04-15,4974,46.94,46.94
2024-04-15,0,2.92,2.92
2024-04-15,0,10.21,10.21
2024-04-15,0,15.02,15.02
2024-04-15,0,6.01,6.01
2024-04-15,0,3.16,3.16
2024-04-15,0,5.26,5.26
2024-04-15,0,5.24,5.24
2024-04-15,0,4.82,4.82
2024-04-15,0,3.01,3.01
2024-04-15,0,18.36,18.36
2024-04-15,0,4.03,4.03
2024-04-15,0,2.47,2.47
2024-04-15,4974,0.01,0.01
2024-04-15,4974,6.47,6.47
2024-04-15,4974,0.15,0.15
2024-04-15,4974,3.64,3.64
2024-04-15,4974,0.08,0.08
2024-04-15,4974,0.02,0.02
2024-04-15,4974,1.36,1.36
2024-04-15,4974,0.03,0.03
2024-04-15,4974,0.11,0.11
2024-04-15,4974,0.03,0.03
2024-04-15,4974,0.32,0.32
2024-04-15,4974,2.35,2.35
2024-04-15,4974,0.31,0.31
2024-04-15,4974,4.15,4.15
2024-04-15,4974,0.48,0.48
2024-04-15,4974,6.73,6.73
2024-04-15,4974,1.14,1.14
2024-04-15,4974,0.24,0.24
2024-04-15,4974,0.20,0.20
2024-04-15,4974,0.51,0.51
2024-04-15,4974,0.23,0.23
2024-04-15,4974,29.98,29.98
2024-04-15,4974,45.88,45.88
2024-04-15,0,28.77,28.77
2024-04-15,0,147.16,147.16
2024-04-15,0,66.45,66.45
2024-04-15,0,61.16,61.16
2024-04-15,0,314.87,314.87
2024-04-15,0,591.68,591.68
2024-04-15,0,3.69,3.69
2024-04-15,0,1.14,1.14
2024-04-15,0,1.12,1.12
2024-04-15,0,1.98,1.98
2024-04-15,0,2.29,2.29
2024-04-15,0,11.77,11.77
2024-04-15,0,4.16,4.16
2024-04-15,0,131.73,131.73
2024-04-15,0,2.89,2.89
2024-04-15,0,0.33,0.33
2024-04-15,0,2.75,2.75
2024-04-15,4974,10.11,10.11
2024-04-15,0,0.22,0.22
2024-04-15,0,5.62,5.62
2024-04-15,0,2.42,2.42
2024-04-15,0,0.18,0.18
2024-04-15,0,1.43,1.43
2024-04-15,0,0.37,0.37
2024-04-15,0,0.93,0.93
2024-04-15,0,1.92,1.92
2024-04-15,0,1.28,1.28
2024-04-15,0,2.37,2.37
2024-04-15,0,0.16,0.16
2024-04-15,0,0.15,0.15
2024-04-15,0,0.12,0.12
2024-04-15,0,0.12,0.12
2024-04-15,0,0.13,0.13
2024-04-15,0,0.13,0.13
2024-04-15,0,0.45,0.45
2024-04-15,0,0.05,0.05
2024-04-15,0,0.18,0.18
2024-04-15,0,0.20,0.20
2024-04-15,0,0.20,0.20
2024-04-15,0,35.36,35.36
2024-04-15,0,0.49,0.49
2024-04-15,0,0.18,0.18
2024-04-15,0,0.27,0.27
2024-04-15,0,0.20,0.20
2024-04-15,0,0.41,0.41
2024-04-15,0,0.55,0.55
2024-04-15,0,0.23,0.23
2024-04-15,0,0.29,0.29
2024-04-15,0,0.45,0.45
2024-04-15,0,0.25,0.25
2024-04-15,0,0.27,0.27
2024-04-15,0,0.63,0.63
2024-04-15,0,0.55,0.55
2024-04-15,0,0.29,0.29
2024-04-15,0,0.92,0.92
2024-04-15,0,0.33,0.33
2024-04-15,0,0.80,0.80
2024-04-15,0,0.97,0.97
2024-04-15,0,0.30,0.30
2024-04-15,0,0.56,0.56
2024-04-15,0,0.20,0.20
2024-04-15,0,0.25,0.25
2024-04-15,0,0.25,0.25
2024-04-15,0,0.38,0.38
2024-04-15,0,0.49,0.49
2024-04-15,0,0.55,0.55
2024-04-15,0,0.47,0.47
2024-04-15,0,0.44,0.44
2024-04-15,0,0.53,0.53
2024-04-15,0,0.49,0.49
2024-04-15,0,0.48,0.48
2024-04-15,0,0.50,0.50
2024-04-15,0,36.91,36.91
2024-04-15,0,41.92,41.92
2024-04-15,0,39.84,39.84
2024-04-15,0,0.39,0.39
2024-04-15,0,0.18,0.18
2024-04-15,0,0.66,0.66
2024-04-15,0,1.23,1.23
2024-04-15,0,0.07,0.07
2024-04-15,0,0.07,0.07
2024-04-15,0,1.15,1.15
2024-04-15,0,2.51,2.51
2024-04-15,0,1.20,1.20
2024-04-15,0,0.05,0.05
2024-04-15,0,1.04,1.04
2024-04-15,0,1.69,1.69
2024-04-15,4974,79.50,79.50
2024-04-15,4974,60.32,60.32
2024-04-15,4974,40.20,40.20
2024-04-15,4974,30.96,30.96
2024-04-15,4974,46.87,46.87
2024-04-15,4974,159.07,159.07
2024-04-15,4974,270.15,270.15
2024-04-15,4974,36.56,36.56
2024-04-01,0,29.26,29.26
2024-04-01,0,6.24,6.24
2024-04-01,1609,2640000000000000000.00,2640000000000000000.00
2024-04-01,4974,2.83,2.83
2024-04-01,4974,0.62,0.62
2024-04-01,4974,0.52,0.52
2024-04-01,0,9.87,9.87
2024-04-01,0,1.19,1.19
2024-04-01,4974,6.02,6.02
2024-04-01,0,41.61,41.61
2024-04-01,4974,11.05,11.05
2024-04-01,4974,0.33,0.33
2024-04-01,0,0.61,0.61
2024-04-01,0,4.40,4.40
2024-04-01,4974,0.01,0.01
2024-04-01,4974,0.45,0.45
2024-04-01,0,4.37,4.37
2024-04-01,0,0.70,0.70
2024-04-01,4974,1.40,1.40
2024-04-01,4974,0.25,0.25
2024-04-01,4974,3.53,3.53
2024-04-01,4974,1.25,1.25
2024-04-01,4974,17.34,17.34
2024-04-01,4974,4.88,4.88
2024-04-01,4974,0.08,0.08
2024-04-01,4974,6.92,6.92
2024-04-01,4974,1.59,1.59
2024-04-01,1609,3465000000000000000.00,3465000000000000000.00
2024-04-01,0,2.53,2.53
2024-04-01,4974,1.23,1.23
2024-04-01,4974,5.87,5.87
2024-04-01,4974,1.96,1.96
2024-04-01,4974,0.96,0.96
2024-04-01,0,1.15,1.15
2024-04-01,4974,99.12,99.12
2024-04-01,4974,700000000000000000.00,700000000000000000.00
2024-04-01,4974,1.07,1.07
2024-04-01,0,36.35,36.35
2024-04-01,0,3.84,3.84
2024-04-01,0,6.58,6.58
2024-04-01,0,0.32,0.32
2024-04-01,0,15.10,15.10
2024-04-01,0,133.15,133.15
2024-04-01,0,16.19,16.19
2024-04-01,0,25.58,25.58
2024-04-01,0,62.30,62.30
2024-04-01,0,39.85,39.85
2024-04-01,4974,11.92,11.92
2024-04-01,4974,162.01,162.01
2024-04-01,4974,1.34,1.34
2024-04-01,1609,950000000000000000.00,950000000000000000.00
2024-04-01,4974,2.94,2.94
2024-04-01,0,10.93,10.93
2024-04-01,4974,7.64,7.64
2024-04-01,0,267.51,267.51
2024-04-01,0,510.72,510.72
2024-04-01,0,0.37,0.37
2024-04-01,0,4.78,4.78
2024-04-01,0,662.30,662.30
2024-04-01,0,1.15,1.15
2024-04-01,4974,37.89,37.89
2024-04-01,4974,4.71,4.71
2024-04-01,4974,9.44,9.44
2024-04-01,4974,7.07,7.07
2024-04-01,4974,5.71,5.71
2024-04-01,4974,4.45,4.45
2024-04-01,4974,59.55,59.55
2024-04-01,4974,69.48,69.48
2024-04-01,4974,4.15,4.15
2024-04-01,4974,76.43,76.43
2024-04-01,0,35.93,35.93
2024-04-01,0,1.85,1.85
2024-04-01,0,39.45,39.45
2024-04-01,0,3.11,3.11
2024-04-01,0,96.17,96.17
2024-04-01,0,153.22,153.22
2024-04-01,0,65.93,65.93
2024-04-01,0,13.11,13.11
2024-04-01,0,14.01,14.01
2024-04-01,0,3.51,3.51
2024-04-01,0,5.79,5.79
2024-04-01,0,23.50,23.50
2024-04-01,1609,494000000000000000.00,494000000000000000.00
2024-04-01,1609,494000000000000000.00,494000000000000000.00
2024-04-01,1609,494000000000000000.00,494000000000000000.00
2024-04-01,4974,2.21,2.21
2024-04-01,1609,2660000000000000000.00,2660000000000000000.00
2024-04-01,0,8.56,8.56
2024-04-01,0,1.99,1.99
2024-04-01,0,1890000000000000000.00,1890000000000000000.00
2024-04-01,4974,0.78,0.78
2024-04-01,4974,0.35,0.35
2024-04-01,4974,6.07,6.07
2024-04-01,4974,4.95,4.95
2024-04-01,4974,117.23,117.23
2024-04-01,0,5.03,5.03
2024-04-01,0,3.19,3.19
2024-04-01,0,1.51,1.51
2024-04-01,0,3.12,3.12
2024-04-01,0,1.64,1.64
2024-04-01,0,1.62,1.62
2024-04-01,4974,12.91,12.91
2024-04-01,4974,1942000000000000000.00,1942000000000000000.00
2024-04-01,4974,3589250.00,3589250.00
2024-04-01,4974,1110000.00,1110000.00
2024-04-01,4974,9490000.00,9490000.00
2024-04-01,4974,4491000.00,4491000.00
2024-04-01,4974,3520000000000000000.00,3520000000000000000.00
2024-04-01,4974,1800000.00,1800000.00
2024-04-01,0,27.16,27.16
2024-04-01,0,2.84,2.84
2024-04-01,0,2.98,2.98
2024-04-01,0,53.80,53.80
2024-04-01,0,24795000000000000000.00,24795000000000000000.00
2024-04-01,0,8360000000000000000.00,8360000000000000000.00
2024-04-01,0,19000000000000000000.00,19000000000000000000.00
2024-04-01,4974,0.74,0.74
2024-04-01,4974,1.12,1.12
2024-04-01,4974,0.61,0.61
2024-04-01,4974,1.10,1.10
2024-04-01,4974,0.22,0.22
2024-04-01,4974,0.53,0.53
2024-04-01,4974,0.80,0.80
2024-04-01,1609,313500000000000000.00,313500000000000000.00
2024-04-01,4974,26.03,26.03
2024-04-01,4974,5.55,5.55
2024-04-01,4974,65.24,65.24
2024-04-01,4974,7.63,7.63
2024-04-01,1609,1814500000000000000.00,1814500000000000000.00
2024-04-01,4974,12.57,12.57
2024-04-01,4974,7.25,7.25
2024-04-01,4974,6.39,6.39
2024-04-01,4974,13.74,13.74
2024-04-01,4974,3.96,3.96
2024-04-01,4974,0.07,0.07
2024-04-01,1609,2400000000000000000.00,2400000000000000000.00
2024-04-01,4974,1.44,1.44
2024-04-01,0,184.99,184.99
2024-04-01,0,25.81,25.81
2024-04-01,0,1.04,1.04
2024-04-01,0,0.03,0.03
2024-04-01,0,0.11,0.11
2024-04-01,0,0.98,0.98
2024-04-01,0,0.13,0.13
2024-04-01,0,0.13,0.13
2024-04-01,0,0.44,0.44
2024-04-01,4974,0.96,0.96
2024-04-01,4974,0.66,0.66
2024-04-01,1609,3800000000000000000.00,3800000000000000000.00
2024-04-01,0,2.12,2.12
2024-04-01,0,2.83,2.83
2024-04-01,0,14.67,14.67
2024-04-01,4974,0.08,0.08
2024-04-01,1609,2375000000000000000.00,2375000000000000000.00
2024-04-01,1609,2090000000000000000.00,2090000000000000000.00
2024-04-01,0,15.00,15.00
2024-04-01,0,1.94,1.94
2024-04-01,4974,59.73,59.73
2024-04-01,0,10.67,10.67
2024-04-01,0,19.85,19.85
2024-04-01,0,52.93,52.93
2024-04-01,0,16.94,16.94
2024-04-01,0,4.08,4.08
2024-04-01,0,19.16,19.16
2024-04-01,0,20.64,20.64
2024-04-01,0,24.78,24.78
2024-04-01,0,26.66,26.66
2024-04-01,0,26.57,26.57
2024-04-01,0,8.82,8.82
2024-04-01,0,27.82,27.82
2024-04-01,0,9.27,9.27
2024-04-01,0,440.29,440.29
2024-04-01,0,115.34,115.34
2024-04-01,0,12.53,12.53
2024-04-01,0,5.41,5.41
2024-04-01,0,8.07,8.07
2024-04-01,0,28.15,28.15
2024-04-01,0,26.30,26.30
2024-04-01,0,6.22,6.22
2024-04-01,0,7.25,7.25
2024-04-01,4974,16.05,16.05
2024-04-01,4974,97.46,97.46
2024-04-01,0,2.64,2.64
2024-04-01,0,0.08,0.08
2024-04-01,4974,24.64,24.64
2024-04-01,4974,38.78,38.78
2024-04-01,4974,165.49,165.49
2024-04-01,0,22.54,22.54
2024-04-01,0,3.02,3.02
2024-04-01,0,40.33,40.33
2024-04-01,4974,10.26,10.26
2024-04-01,4974,432.65,432.65
2024-04-01,4974,8.40,8.40
2024-04-01,0,9.19,9.19
2024-04-01,4974,1.03,1.03
2024-04-01,4974,1.60,1.60
2024-04-01,4974,4.27,4.27
2024-04-01,4974,6.48,6.48
2024-04-01,4974,97.78,97.78
2024-04-01,4974,67.93,67.93
2024-04-01,0,39.18,39.18
2024-04-01,0,186.80,186.80
2024-04-01,4974,92.76,92.76
2024-04-01,4974,22.76,22.76
2024-04-01,4974,4.68,4.68
2024-04-01,4974,60.90,60.90
2024-04-01,0,80.77,80.77
2024-04-01,4974,3.65,3.65
2024-04-01,4974,8.75,8.75
2024-04-01,4974,3.89,3.89
2024-04-01,4974,9.72,9.72
2024-04-01,4974,8.81,8.81
2024-04-01,4974,10.16,10.16
2024-04-01,4974,7.58,7.58
2024-04-01,0,18.58,18.58
2024-04-15,4974,14.53,14.53
2024-04-15,4974,71.53,71.53
2024-04-15,4974,40.94,40.94
2024-04-15,4974,28.50,28.50
2024-04-15,4974,22.60,22.60
2024-04-15,4974,43.30,43.30
2024-04-15,4974,57.53,57.53
2024-04-15,4974,12.15,12.15
2024-04-15,4974,12.98,12.98
2024-04-15,4974,11.65,11.65
2024-04-15,4974,12.53,12.53
2024-04-15,4974,49.70,49.70
2024-04-15,4974,9.82,9.82
2024-04-15,4974,5.66,5.66
2024-04-15,4974,1.97,1.97
2024-04-15,4974,0.60,0.60
2024-04-15,4974,5.64,5.64
2024-04-15,0,1.87,1.87
2024-04-15,0,0.63,0.63
2024-04-15,0,0.06,0.06
2024-04-15,0,0.40,0.40
2024-04-15,0,2.72,2.72
2024-04-15,0,7.23,7.23
2024-04-15,0,11.13,11.13
2024-04-15,0,9.74,9.74
2024-04-15,0,1.40,1.40
2024-04-15,0,8.43,8.43
2024-04-15,0,6.01,6.01
2024-04-15,0,6.01,6.01
2024-04-15,0,1.46,1.46
2024-04-15,0,1.11,1.11
2024-04-15,0,0.72,0.72
2024-04-15,0,3.42,3.42
2024-04-15,0,1.15,1.15
2024-04-15,0,0.06,0.06
2024-04-15,0,3.52,3.52
2024-04-15,0,0.62,0.62
2024-04-15,0,5.78,5.78
2024-04-15,0,87.20,87.20
2024-04-15,0,6.21,6.21
2024-04-15,0,4.52,4.52
2024-04-15,0,12.10,12.10
2024-04-15,0,8.89,8.89
2024-04-15,0,8.82,8.82
2024-04-15,4974,15.24,15.24
2024-04-15,0,0.17,0.17
2024-04-15,0,9.58,9.58
2024-04-15,0,2.84,2.84
2024-04-15,0,3.50,3.50
2024-04-15,0,2.88,2.88
2024-04-15,0,8.70,8.70
2024-04-16,0,71.97,71.97
2024-04-16,1609,2090000000000000000.00,2090000000000000000.00
2024-04-16,0,11.65,11.65
2024-04-16,0,29.07,29.07
2024-04-16,0,12.53,12.53
2024-04-16,4974,0.45,0.45
2024-04-16,4974,1.31,1.31
2024-04-16,4974,1.63,1.63
2024-04-16,4974,1.87,1.87
2024-04-16,4974,1.69,1.69
2024-04-16,4974,1.33,1.33
2024-04-16,4974,0.83,0.83
2024-04-16,4974,1.51,1.51
2024-04-16,4974,7.06,7.06
2024-04-16,4974,0.03,0.03
2024-04-16,4974,2.09,2.09
2024-04-16,4974,4.47,4.47
2024-04-16,4974,4.00,4.00
2024-04-16,0,9.00,9.00
2024-04-16,0,9.03,9.03
2024-04-16,4974,29997000000000000000.00,29997000000000000000.00
2024-04-16,1609,722000000000000000.00,722000000000000000.00
2024-04-16,1609,800000000000000000.00,800000000000000000.00
2024-04-16,4974,1.50,1.50
2024-04-16,4974,2.80,2.80
2024-04-16,4974,0.17,0.17
2024-04-16,4974,0.17,0.17
2024-04-16,4974,0.42,0.42
2024-04-16,4974,1.63,1.63
2024-04-16,4974,3.38,3.38
2024-04-16,4974,3.54,3.54
2024-04-16,4974,0.53,0.53
2024-04-16,4974,0.69,0.69
2024-04-16,4974,0.26,0.26
2024-04-16,4974,0.34,0.34
2024-04-16,4974,0.21,0.21
2024-04-16,1609,800000000000000000.00,800000000000000000.00
2024-04-16,4974,0.10,0.10
2024-04-16,4974,0.03,0.03
2024-04-16,4974,0.48,0.48
2024-04-16,4974,0.49,0.49
2024-04-16,0,33.00,33.00
2024-04-16,0,0.95,0.95
2024-04-16,0,4.70,4.70
2024-04-16,0,15.43,15.43
2024-04-16,0,8.83,8.83
2024-04-16,0,15.67,15.67
2024-04-16,0,0.43,0.43
2024-04-16,4974,1.65,1.65
2024-04-16,1609,1900000000000000000.00,1900000000000000000.00
2024-04-16,1609,750500000000000000.00,750500000000000000.00
2024-04-16,1609,750500000000000000.00,750500000000000000.00
2024-04-16,0,2.66,2.66
2024-04-16,0,0.88,0.88
2024-04-16,4974,2.11,2.11
2024-04-16,4974,0.20,0.20
2024-04-16,4974,0.45,0.45
2024-04-16,4974,0.52,0.52
2024-04-16,4974,1.97,1.97
2024-04-16,4974,2.92,2.92
2024-04-16,4974,2.99,2.99
2024-04-16,4974,6.51,6.51
2024-04-16,0,0.07,0.07
2024-04-16,0,0.13,0.13
2024-04-16,0,0.20,0.20
2024-04-16,0,0.11,0.11
2024-04-16,0,0.14,0.14
2024-04-16,0,0.11,0.11
2024-04-16,0,0.14,0.14
2024-04-16,0,0.19,0.19
2024-04-16,0,0.12,0.12
2024-04-16,0,0.11,0.11
2024-04-16,0,0.10,0.10
2024-04-16,0,0.21,0.21
2024-04-16,0,0.05,0.05
2024-04-16,0,0.05,0.05
2024-04-16,0,0.05,0.05
2024-04-16,0,0.06,0.06
2024-04-16,0,0.06,0.06
2024-04-16,0,0.05,0.05
2024-04-16,0,0.03,0.03
2024-04-16,0,0.05,0.05
2024-04-16,0,0.05,0.05
2024-04-16,0,0.05,0.05
2024-04-16,0,0.08,0.08
2024-04-16,0,0.23,0.23
2024-04-16,0,0.10,0.10
2024-04-16,0,0.23,0.23
2024-04-16,0,0.11,0.11
2024-04-16,0,0.11,0.11
2024-04-16,0,0.04,0.04
2024-04-16,0,0.10,0.10
2024-04-16,0,0.09,0.09
2024-04-16,0,0.24,0.24
2024-04-16,0,0.11,0.11
2024-04-16,0,0.89,0.89
2024-04-16,0,0.13,0.13
2024-04-16,0,0.18,0.18
2024-04-16,0,0.08,0.08
2024-04-16,0,0.08,0.08
2024-04-16,0,0.08,0.08
2024-04-16,0,0.08,0.08
2024-04-16,0,0.08,0.08
2024-04-16,0,0.15,0.15
2024-04-16,0,4.68,4.68
2024-04-16,0,3.02,3.02
2024-04-16,0,0.53,0.53
2024-04-16,0,6.11,6.11
2024-04-16,0,1.69,1.69
2024-04-02,4974,1.52,1.52
2024-04-02,0,2.58,2.58
2024-04-02,4974,3.40,3.40
2024-04-02,4974,0.40,0.40
2024-04-02,4974,1.89,1.89
2024-04-02,4974,0.26,0.26
2024-04-02,4974,3.07,3.07
2024-04-02,4974,0.50,0.50
2024-04-02,4974,1.69,1.69
2024-04-02,4974,2.21,2.21
2024-04-02,0,2.42,2.42
2024-04-02,0,7.21,7.21
2024-04-02,0,4.46,4.46
2024-04-02,4974,10.01,10.01
2024-04-02,4974,2.74,2.74
2024-04-02,0,21.80,21.80
2024-04-02,0,15.22,15.22
2024-04-02,4974,2.17,2.17
2024-04-02,4974,0.12,0.12
2024-04-02,0,61.82,61.82
2024-04-02,4974,140.42,140.42
2024-04-02,4974,287.95,287.95
2024-04-02,4974,0.23,0.23
2024-04-02,4974,1.50,1.50
2024-04-02,0,1.94,1.94
2024-04-02,4974,1.81,1.81
2024-04-02,4974,7.24,7.24
2024-04-02,4974,4.16,4.16
2024-04-02,0,1.78,1.78
2024-04-02,0,2.90,2.90
2024-04-02,4974,1.61,1.61
2024-04-02,4974,0.56,0.56
2024-04-02,4974,0.22,0.22
2024-04-02,0,1.99,1.99
2024-04-02,0,3.74,3.74
2024-04-02,4974,8.75,8.75
2024-04-02,4974,3.02,3.02
2024-04-02,0,29.31,29.31
2024-04-02,0,14.78,14.78
2024-04-02,0,6.79,6.79
2024-04-02,0,128.60,128.60
2024-04-02,0,33.29,33.29
2024-04-02,0,6.66,6.66
2024-04-02,0,5.29,5.29
2024-04-02,0,4.29,4.29
2024-04-02,0,6.74,6.74
2024-04-02,4974,4.37,4.37
2024-04-02,0,6.40,6.40
2024-04-02,0,45.67,45.67
2024-04-02,0,9.24,9.24
2024-04-02,0,0.33,0.33
2024-04-02,0,2.08,2.08
2024-04-02,4974,19.90,19.90
2024-04-02,4974,0.44,0.44
2024-04-02,0,263.25,263.25
2024-04-02,0,461.28,461.28
2024-04-02,0,11.50,11.50
2024-04-02,0,12.30,12.30
2024-04-02,0,27.23,27.23
2024-04-02,0,97.01,97.01
2024-04-02,0,79.39,79.39
2024-04-02,0,100.90,100.90
2024-04-02,0,0.98,0.98
2024-04-02,0,282.78,282.78
2024-04-02,0,506.96,506.96
2024-04-02,0,1.13,1.13
2024-04-02,4974,10.30,10.30
2024-04-02,4974,297.06,297.06
2024-04-02,4974,223.57,223.57
2024-04-02,4974,12.97,12.97
2024-04-02,0,5.18,5.18
2024-04-02,0,165.36,165.36
2024-04-02,0,70.00,70.00
2024-04-02,1609,1200000000000000000.00,1200000000000000000.00
2024-04-02,0,8.79,8.79
2024-04-02,0,2.57,2.57
2024-04-02,0,36.17,36.17
2024-04-02,0,5.72,5.72
2024-04-02,4974,2.60,2.60
2024-04-02,4974,3.41,3.41
2024-04-02,1609,1425000000000000000.00,1425000000000000000.00
2024-04-02,1609,570000000000000000.00,570000000000000000.00
2024-04-02,0,10.73,10.73
2024-04-02,4974,0.23,0.23
2024-04-02,4974,0.47,0.47
2024-04-02,4974,0.23,0.23
2024-04-02,4974,7.08,7.08
2024-04-02,0,64.28,64.28
2024-04-02,0,57.70,57.70
2024-04-02,0,115.91,115.91
2024-04-02,0,110.03,110.03
2024-04-02,0,97.66,97.66
2024-04-02,0,64.29,64.29
2024-04-02,4974,3.44,3.44
2024-04-02,4974,7.79,7.79
2024-04-02,0,8.35,8.35
2024-04-02,0,8.62,8.62
2024-04-02,0,68.00,68.00
2024-04-02,0,71.15,71.15
2024-04-02,0,1.17,1.17
2024-04-02,0,3.89,3.89
2024-04-02,0,2.19,2.19
2024-04-02,0,1.27,1.27
2024-04-02,4974,2.74,2.74
2024-04-02,4974,0.07,0.07
2024-04-02,4974,0.90,0.90
2024-04-02,4974,0.95,0.95
2024-04-02,4974,1.65,1.65
2024-04-02,4974,0.35,0.35
2024-04-02,4974,1.06,1.06
2024-04-02,4974,0.02,0.02
2024-04-02,4974,2.42,2.42
2024-04-02,4974,4.01,4.01
2024-04-02,4974,0.14,0.14
2024-04-02,4974,76.00,76.00
2024-04-02,4974,79.14,79.14
2024-04-02,0,95.30,95.30
2024-04-02,4974,89.40,89.40
2024-04-02,4974,59.36,59.36
2024-04-02,0,5.05,5.05
2024-04-02,0,2.35,2.35
2024-04-02,1609,2781000000000000000.00,2781000000000000000.00
2024-04-02,1609,5135000000000000000.00,5135000000000000000.00
2024-04-02,4974,720000000000000000.00,720000000000000000.00
2024-04-02,4974,1089000.00,1089000.00
2024-04-02,0,36100000000000000000.00,36100000000000000000.00
2024-04-02,4974,0.59,0.59
2024-04-02,4974,0.30,0.30
2024-04-02,4974,6.64,6.64
2024-04-02,4974,0.72,0.72
2024-04-02,0,0.24,0.24
2024-04-02,0,0.24,0.24
2024-04-02,0,4750000000000000000.00,4750000000000000000.00
2024-04-02,4974,194.74,194.74
2024-04-02,4974,50.74,50.74
2024-04-02,4974,12.75,12.75
2024-04-02,0,10.16,10.16
2024-04-02,0,2.44,2.44
2024-04-02,4974,6.70,6.70
2024-04-02,4974,8.96,8.96
2024-04-02,0,4.04,4.04
2024-04-02,1609,4000000000000000000.00,4000000000000000000.00
2024-04-02,4974,19.82,19.82
2024-04-02,4974,13.55,13.55
2024-04-02,4974,89.64,89.64
2024-04-02,4974,247.51,247.51
2024-04-02,4974,197.76,197.76
2024-04-02,4974,48.89,48.89
2024-04-02,0,6.57,6.57
2024-04-02,0,1.46,1.46
2024-04-02,0,3.55,3.55
2024-04-02,0,52.60,52.60
2024-04-02,0,6.00,6.00
2024-04-02,0,43.50,43.50
2024-04-02,0,56.83,56.83
2024-04-02,4974,0.27,0.27
2024-04-02,4974,31.91,31.91
2024-04-02,4974,19.16,19.16
2024-04-02,4974,14.71,14.71
2024-04-02,4974,8.04,8.04
2024-04-02,4974,2.31,2.31
2024-04-02,4974,2.01,2.01
2024-04-02,4974,16.44,16.44
2024-04-02,4974,18.93,18.93
2024-04-02,1609,2330500000000000000.00,2330500000000000000.00
2024-04-02,1609,2185000000000000000.00,2185000000000000000.00
2024-04-02,0,17.69,17.69
2024-04-02,4974,289.49,289.49
2024-04-02,0,1.58,1.58
2024-04-02,0,1.23,1.23
2024-04-02,4974,175.48,175.48
2024-04-02,4974,2.44,2.44
2024-04-02,0,1.57,1.57
2024-04-02,0,3.13,3.13
2024-04-02,0,4.55,4.55
2024-04-02,0,19.70,19.70
2024-04-02,4974,2.22,2.22
2024-04-02,4974,0.96,0.96
2024-04-02,4974,1.08,1.08
2024-04-02,4974,1530000000000000000.00,1530000000000000000.00
2024-04-02,4974,193.09,193.09
2024-04-02,4974,13.08,13.08
2024-04-02,4974,2.41,2.41
2024-04-02,4974,0.01,0.01
2024-04-02,4974,1620000000000000000.00,1620000000000000000.00
2024-04-02,4974,29.96,29.96
2024-04-02,4974,2.57,2.57
2024-04-02,0,10.84,10.84
2024-04-02,0,1.96,1.96
2024-04-02,0,0.75,0.75
2024-04-02,4974,90.90,90.90
2024-04-02,0,5.64,5.64
2024-04-02,0,10.50,10.50
2024-04-02,0,3.31,3.31
2024-04-02,0,2.60,2.60
2024-04-02,0,2.43,2.43
2024-04-02,0,5.72,5.72
2024-04-02,0,2.37,2.37
2024-04-02,0,5.04,5.04
2024-04-02,0,4.46,4.46
2024-04-02,0,5.58,5.58
2024-04-02,0,12.06,12.06
2024-04-02,0,8.21,8.21
2024-04-02,0,0.53,0.53
2024-04-02,0,2.69,2.69
2024-04-02,0,9.21,9.21
2024-04-02,0,11.70,11.70
2024-04-02,0,33.76,33.76
2024-04-02,4974,4.43,4.43
2024-04-02,1609,2565000000000000000.00,2565000000000000000.00
